id,x,y,color
P1,8.6512012,17.8915997,red
P2,10.9847803,18.5178509,grey
P3,13.37819,17.3945408,#8e0152
P4,14.8798304,17.8099194,#c51b7d
P5,8.694768,14.9054699,#de77ae
P6,8.8644161,12.75354,#f1b6da
P7,12.5713596,11.72717,#fde0ef
P8,10.6609697,7.428647,#fee090
P9,13.5214596,7.95825,#e6f5d0
P10,16.4348907,9.2521296,#b8e186
P11,18.9143906,9.7378187,#7fbc41
P12,16.0051098,5.0468378,#4d9221
P13,8.9994402,5.1010232,#276419
